VALUE,AREA,PERIMETER,THICKNESS,XCENTROID,YCENTROID,MAJORAXIS,MINORAXIS,ORIENTATION
1,159.3278198,244.5943909,2.9038112,33705.9140625,-108230.5546875,12.4670181,4.0679832,130.5791779
2,532.8623047,471.2607727,6.2815938,33676.3632812,-108254.4921875,17.6310387,9.6202688,34.9891281
3,1295.7832031,1786.4741211,3.9818850,33716.7265625,-108277.9921875,23.1033669,17.8528366,9.3888979
4,777.1614990,1004.8829346,3.8267195,33664.5039062,-108310.9765625,21.3231335,11.6013994,132.6486053
5,130.4944916,190.3182068,3.0544784,33688.6171875,-108343.9453125,16.3460598,2.5411439,40.8025475
7,3992.0012207,5550.6547852,5.3226199,33697.7539062,-108280.1484375,45.0496750,28.2064972,38.8384438
8,956.2375488,1351.9130859,3.6218479,33686.1835938,-108308.6640625,20.1038284,15.1403933,104.4448395
9,371.5746155,679.4367065,2.4168029,33727.9492188,-108267.5156250,15.2422848,7.7597208,83.9213715
10,2.7939892,10.6161985,0.6273751,33689.2226562,-108348.2656250,0.9813908,0.9062184,111.5142593
