0_coverage,1_coverage,2_coverage,3_coverage,4_coverage,5_coverage
3497.029938904848,21.55922743649812,2466.578126650804,2164.5618595480046,65.50470803773234,0.2088426221121707
