0_coverage,1_coverage,2_coverage,3_coverage,4_coverage,5_coverage
3344.8545415639387,114.35213362932173,2492.766734613954,2165.594795479817,100.09012171744646,0.5783653955216703
